{
  "hyperparams": {
    "optimizer": "adam",
    "learning_rate": 0.01,
    "weight_decay": 0.0,
    "dropout": 0.1,
    "embedding_dim": 16,
    "epochs": 20
  },
  "train_losses": [
    0.4496850420123315,
    0.3689281881705385,
    0.3373779235017502,
    0.3168285972182183,
    0.30257147654809835,
    0.29208766351167725,
    0.28423666258556796,
    0.2777071181799072,
    0.27252798032371794,
    0.26873128459094614,
    0.26545336628222393,
    0.2619898413009889,
    0.25940977511276064,
    0.25729148275822994,
    0.25495513648588536,
    0.2531082026708872,
    0.2512241483125803,
    0.25001439579574863,
    0.24826067243836333,
    0.24679490480056746
  ],
  "val_losses": [
    0.38331442270900795,
    0.3373887242683106,
    0.31473059942167503,
    0.29911217858632616,
    0.2861036184525528,
    0.27654990050405864,
    0.26891778212702566,
    0.26292459568277327,
    0.2592169395603232,
    0.25526260715725313,
    0.25376388920704046,
    0.2523549482138585,
    0.2472656673143218,
    0.24783871651678052,
    0.24651260122093627,
    0.24438600792929974,
    0.241300221637486,
    0.24069764716811692,
    0.24064047405366473,
    0.23926087176565564
  ],
  "val_accs": [
    0.8108928122702356,
    0.8345075556631021,
    0.8469446952140746,
    0.8556683760365575,
    0.8622173412628241,
    0.867612249139886,
    0.8710806257969045,
    0.8747134246031377,
    0.876428999103434,
    0.8786440446607785,
    0.8796491913842793,
    0.8808125556475906,
    0.8830493173378503,
    0.883936576482669,
    0.8838528142557106,
    0.8851992144964494,
    0.8865673308701034,
    0.8862415888763763,
    0.8870388811848322,
    0.8876469329064562
  ],
  "final_train_loss": 0.24679490480056746,
  "final_val_loss": 0.23926087176565564,
  "final_val_acc": 0.8876469329064562,
  "epochs_run": 20
}