{
  "hyperparams": {
    "optimizer": "adam",
    "learning_rate": 0.01,
    "weight_decay": 0.0,
    "dropout": 0.1,
    "embedding_dim": 128,
    "epochs": 80
  },
  "train_losses": [
    0.44467945081206617,
    0.3439728343097256,
    0.3019214565477953,
    0.2779620096530014,
    0.2618991106417093,
    0.2505552418277545,
    0.2419998597487627,
    0.23516193152995904,
    0.2294908283461084,
    0.2246567934996362,
    0.22067058346901453,
    0.21677259305758817,
    0.2138714985130148,
    0.2111381037693507,
    0.20814011152699555,
    0.20643021932182462,
    0.20399671416687865,
    0.20182507256075446,
    0.20053055992278002,
    0.1987766829352535,
    0.19751957382359908,
    0.19571591998264068,
    0.1945826703840172,
    0.1926317751363424,
    0.1912960942393928,
    0.19056674130930443,
    0.1898009382632881,
    0.1886793134629794,
    0.18753290887593974,
    0.18668419621468235,
    0.1856170384409576,
    0.1846382336356245,
    0.18401743988253236,
    0.1836513277285581,
    0.1827514163701864,
    0.18189841836462106,
    0.18140015651507732,
    0.1804991170199761,
    0.17955848065022575,
    0.1791378870955719,
    0.17849634890406477,
    0.17764780644389302,
    0.1776442614618031,
    0.17702802846014834,
    0.17639431476076264,
    0.17575326514357456,
    0.17598292561510057,
    0.1749023530608157,
    0.1748650736119625,
    0.17418251375228458,
    0.17364233542474858,
    0.1736468973240595,
    0.17301748919479545,
    0.17251844109771527,
    0.17239522135844965,
    0.1719355142740241,
    0.1714673465941871,
    0.17089561787756422,
    0.17009584514300874,
    0.17009437811003983,
    0.1698064917700855,
    0.16935601816384002,
    0.16928604604534778,
    0.16909891644528685,
    0.1685321005841995,
    0.16828132892740877,
    0.16772135913789038,
    0.16782985952741042,
    0.16753977595440891,
    0.16717163869394938,
    0.1667336136011618,
    0.16645675278084154,
    0.16672876259889796,
    0.16616949475483575,
    0.16575148683012303,
    0.16585859867449743,
    0.15668423847386,
    0.15361124502648144,
    0.15278894572757531,
    0.1528783928570133
  ],
  "train_accs": [
    0.7761017369496106,
    0.8353119715229391,
    0.8586220356696866,
    0.8717015777461098,
    0.8797455152844668,
    0.8858180229531154,
    0.8902125432430761,
    0.8933155880921475,
    0.896343629916462,
    0.8989227485269022,
    0.9008137006985135,
    0.9028798424170026,
    0.9042173051139472,
    0.9055695494289094,
    0.906908654527856,
    0.9080451967132251,
    0.9090251632410723,
    0.9105657363189282,
    0.9107792485791854,
    0.9118944395385289,
    0.9123570494357528,
    0.9132822692302007,
    0.913876271287583,
    0.9145737446710899,
    0.9153839963253992,
    0.9156845558917613,
    0.9161871309043668,
    0.916626199706229,
    0.917165455030212,
    0.9176718623141553,
    0.9180430451666025,
    0.9185987245106053,
    0.9189124232929832,
    0.919233786618037,
    0.9195140898930413,
    0.9198212190674113,
    0.9204081040494516,
    0.9207108534851497,
    0.9210064858455058,
    0.921377121230619,
    0.9216130796515699,
    0.9219196613586059,
    0.9221851830155924,
    0.9224589166825888,
    0.9226384859681385,
    0.9228717070524195,
    0.9227961565603284,
    0.9236096930186418,
    0.9236649872193751,
    0.923979233469087,
    0.9239644518510691,
    0.9239480278310493,
    0.924286362643457,
    0.9247747035053786,
    0.924819048359432,
    0.9247785357767165,
    0.9252104875032369,
    0.9253812973114427,
    0.9258690907060303,
    0.9257141574505103,
    0.9260486599915799,
    0.9260732960216096,
    0.9263694758492997,
    0.9261472041116987,
    0.9265386432555035,
    0.92695909816801,
    0.9271616610815874,
    0.9267844560884664,
    0.9269919462080496,
    0.9274375846179198,
    0.9275662394414081,
    0.927655476616849,
    0.9277211726969281,
    0.927577736255422,
    0.927810957339703,
    0.9279248305451735,
    0.9322383256697031,
    0.9339157655810572,
    0.9341697904240299,
    0.9341303727759824
  ],
  "val_losses": [
    0.35775564419135253,
    0.30446038481425425,
    0.2699078712057135,
    0.25373574394309345,
    0.2408784161157828,
    0.2297485185850489,
    0.22303587673901368,
    0.21746641790196436,
    0.2125856520339547,
    0.20790674665025574,
    0.20635360144142179,
    0.202604819051903,
    0.19980960238135623,
    0.19725618449689394,
    0.1947995508415193,
    0.19299447600161365,
    0.19260923859816736,
    0.19001746263722033,
    0.18692714732847324,
    0.18685705180657294,
    0.18429060605402542,
    0.18431920357767517,
    0.18363469983835756,
    0.18243425839949504,
    0.1809881248497468,
    0.181115679772742,
    0.1795146770538608,
    0.17792282032388618,
    0.17660219500019259,
    0.17671342629177747,
    0.17521689210962468,
    0.1749886335787648,
    0.1729851316318475,
    0.17409739502712254,
    0.17344195750264846,
    0.17249698416070522,
    0.1724687941078454,
    0.1718086511917673,
    0.17084148144612407,
    0.17091860724375257,
    0.17066111273748752,
    0.17001419505479476,
    0.16870884204516526,
    0.16846633267222694,
    0.16845617251077302,
    0.16825084656558428,
    0.1678694323216134,
    0.16528314689767623,
    0.16723862071807427,
    0.16804661275849425,
    0.16507967817320374,
    0.16515644284595843,
    0.16428520805886035,
    0.1643109766896451,
    0.1640264044712006,
    0.16373284199862226,
    0.1634537740902484,
    0.1631401854400165,
    0.1631120313346057,
    0.1621519502800754,
    0.1638776610199286,
    0.16352286588101428,
    0.1622814511310941,
    0.1618045115951028,
    0.16276582610165172,
    0.16139295677269486,
    0.1609203975281759,
    0.1614402602489881,
    0.16112598323797353,
    0.16028164097613642,
    0.1595867190510994,
    0.1588644092213843,
    0.15983645442120037,
    0.1592996397226044,
    0.15920244549308762,
    0.15988904616182997,
    0.15256503337534244,
    0.1516309162385349,
    0.15007309358029935,
    0.15054867685775516
  ],
  "val_accs": [
    0.8254705420657006,
    0.8563663945945443,
    0.8738789046382558,
    0.8828786905792313,
    0.8886148519735312,
    0.894959065089455,
    0.8984832832311124,
    0.9013125851194853,
    0.904290797633562,
    0.9059195076021976,
    0.9077343558529631,
    0.9100859028172029,
    0.9102844503181413,
    0.911664975910604,
    0.9133898573250068,
    0.9137807477174793,
    0.914515993931892,
    0.9156204144058621,
    0.9174228534378189,
    0.9174817972271601,
    0.9184528185989371,
    0.9185055577788739,
    0.9189243689136659,
    0.9195975690340353,
    0.9203421221625545,
    0.9207578309926444,
    0.9214589518553333,
    0.9217164431456129,
    0.9228922166277328,
    0.9238198057336795,
    0.9231466056133101,
    0.923695713545593,
    0.9244464712835165,
    0.9248404639806913,
    0.924759804058435,
    0.9251786151932271,
    0.9250793414427578,
    0.9256160401562321,
    0.9261124089085782,
    0.9256873931643819,
    0.9264815831681356,
    0.926224091877856,
    0.9276635612596598,
    0.9269500311781622,
    0.9272044201637396,
    0.9276542543455533,
    0.9281723392308145,
    0.9289510177110576,
    0.9281102931367713,
    0.928011019386302,
    0.9292736574000825,
    0.9287090379442888,
    0.9292736574000825,
    0.929053393766229,
    0.9295900924797031,
    0.9301112796696666,
    0.9298289699417698,
    0.9305487046326716,
    0.9306541829925452,
    0.93127774623768,
    0.9300026990050909,
    0.929301578142402,
    0.9309985388144852,
    0.9309147765875269,
    0.9303377479129246,
    0.9305580115467781,
    0.9316314089737265,
    0.9314638845198098,
    0.9319354348345386,
    0.9316376135831309,
    0.9313428946364254,
    0.9327885686276335,
    0.9312870531517865,
    0.9326520672207382,
    0.9322518699141592,
    0.9320657316320294,
    0.9356582004771344,
    0.9365268457937401,
    0.937435821071474,
    0.9369053269674041
  ],