{
  "hyperparams": {
    "optimizer": "adam",
    "learning_rate": 0.01,
    "weight_decay": 0.0,
    "dropout": 0.1,
    "embedding_dim": 128,
    "epochs": 60
  },
  "train_losses": [
    0.44451936525263547,
    0.34391089320231355,
    0.30228091747257907,
    0.2782429028793934,
    0.26191147554729965,
    0.2503565258585733,
    0.24169438953601596,
    0.23439277375593515,
    0.22926027954407427,
    0.22420006388311267,
    0.22022340390051123,
    0.21593782106787918,
    0.213269746873492,
    0.2104353527165869,
    0.20760141715267783,
    0.20570625695264255,
    0.21139730841470053,
    0.22654396967950888,
    0.2030203559731297,
    0.19737441952805845,
    0.19626184826289336,
    0.19581186144507232,
    0.1960187926726654,
    0.19525540849431183,
    0.19428242843338683,
    0.1923483271095661,
    0.19157105119302653,
    0.19061109522848046,
    0.1893638876622496,
    0.1888104245986095,
    0.18751864985057373,
    0.18656806412259014,
    0.18545508488507328,
    0.18512935211132975,
    0.1844651988438342,
    0.18296732542024569,
    0.18247650498516513,
    0.18107305818617542,
    0.18085729978216314,
    0.1797689585214607,
    0.17982848648590133,
    0.17861744423003093,
    0.1678487801207043,
    0.16450079818826213,
    0.16330456985968692,
    0.1625519738235402,
    0.16230104282733526,
    0.16145121187570405,
    0.16153393828449608,
    0.1608714480645075,
    0.16063616574200687,
    0.16032799846294907,
    0.16001616492665438,
    0.15998843741684687,
    0.15945965926283825,
    0.15912132246296254,
    0.15896014429162164,
    0.15893585556398337,
    0.15843436858311732,
    0.158950882413152
  ],
  "train_accs": [
    0.7760448003468753,
    0.8355342432605403,
    0.8585437478409257,
    0.8713873314963979,
    0.8800028249314434,
    0.8862143893029263,
    0.8905278844274559,
    0.8943278551927003,
    0.8968834327077789,
    0.8997412121912216,
    0.9015916517801175,
    0.9036807871266341,
    0.9049279177134698,
    0.9062369121090468,
    0.9077046720314815,
    0.9087831826794475,
    0.9055930905242712,
    0.8990475710790526,
    0.9104025910533983,
    0.9129871843371785,
    0.9136244363139462,
    0.9136304584546202,
    0.9137470689967606,
    0.9137623980821125,
    0.9144752005509711,
    0.9153133730393141,
    0.9155969611183224,
    0.9160267229755069,
    0.9166344117162389,
    0.9170012148300142,
    0.9177682165649381,
    0.9184930633151447,
    0.9184541931344311,
    0.9188593189615859,
    0.9190744736238451,
    0.9199225005242,
    0.9199892915389472,
    0.9210721819255849,
    0.9210940806189447,
    0.9216158169882398,
    0.9214028521953166,
    0.9220734996794578,
    0.9272437811816864,
    0.9287361771341508,
    0.9294621188190254,
    0.9296334760945651,
    0.929945532474941,
    0.9301661618105401,
    0.9303977404928191,
    0.9307973916466339,
    0.9306703792251476,
    0.9307645436065943,
    0.9309906476155334,
    0.9310360874042548,
    0.9314926751608048,
    0.9314822732814589,
    0.931629541994303,
    0.9314324537540656,
    0.9320094843240941,
    0.9314932226281388
  ],
  "val_losses": [
    0.3585295430231692,
    0.30275400393373264,
    0.2695393316643117,
    0.25453630673281274,
    0.2391540568355886,
    0.23035134227091986,
    0.22186623883605328,
    0.21778823216828672,
    0.21239803595864187,
    0.20803282308586293,
    0.20590814601677507,
    0.20228999922466823,
    0.2005502933678092,
    0.1963325163266351,
    0.1957490798461819,
    0.192945972618562,
    0.25405453197034283,
    0.19781540378732965,
    0.18778310940292992,
    0.18569375120366882,
    0.18464334461865964,
    0.18615810396528795,
    0.18681722702402997,
    0.1842041561945899,
    0.18283326264988073,
    0.18285705459340115,
    0.18131113060245405,
    0.1804429295044317,
    0.17861869636268243,
    0.18025731208191362,
    0.17807265026725336,
    0.1762875751437572,
    0.1751512088450793,
    0.17778366416164162,
    0.17454571071251215,
    0.17427295058876277,
    0.17326256280894659,
    0.17160760368203754,
    0.17162951604165855,
    0.17167073710087993,
    0.1721655312644176,
    0.17159295573583147,
    0.16128589552554246,
    0.15942861225679708,
    0.15887301694715322,
    0.1577899356869394,
    0.1583375014764198,
    0.1573854634860542,
    0.15738899889484798,
    0.15784241141202932,
    0.15649213431186537,
    0.15661213470948696,
    0.15566893618205238,
    0.15689068285560798,
    0.15508283213949178,
    0.15565042453968914,
    0.15463078383094256,
    0.15410071951041113,
    0.15514743612923326,
    0.15430531099270722
  ],
  "val_accs": [
    0.8255108720268287,
    0.8561244148277756,
    0.8735159349881026,
    0.8810545354143593,
    0.8898185461979705,
    0.8948411775107727,
    0.8993736446806332,
    0.9014521888310826,
    0.9047034041589497,
    0.9073993069451295,
    0.9081097347219249,
    0.9100734935983943,
    0.9117394312234559,
    0.913262662832218,
    0.9141933542428671,
    0.9139048399055658,
    0.8841351239836074,
    0.9137776454127772,
    0.917916119885463,
    0.9187196168033231,
    0.9186389568810669,
    0.9178075392208872,
    0.9184062840284047,
    0.9194765791506511,
    0.9196161828622483,
    0.9212231766979689,
    0.9210153222829239,
    0.9214093149800987,
    0.9228798074089241,
    0.9227712267443484,
    0.9218529445525081,
    0.924133138508598,
    0.9248404639806913,
    0.9237732711631471,
    0.9249428400358627,
    0.9246481210891572,
    0.925442311092911,
    0.9257618484772338,
    0.9261651480885149,
    0.9256067332421256,
    0.9262116826590474,
    0.926261319534282,
    0.9319075140922191,
    0.9320688339367316,
    0.9329188654251244,
    0.9330491622226151,
    0.933387313435151,
    0.9336448047254305,
    0.9334896894903224,
    0.9337409761711976,
    0.9343645394163324,
    0.9335734517172808,
    0.9345723938313774,
    0.9339860582426684,
    0.9349818980520629,
    0.934814373598146,
    0.9352735146940663,
    0.9358846687203923,
    0.9349818980520629,
    0.9351835478577035
  ],
  "final_train_loss": 0.158950882413152,
  "final_train_acc": 0.9314932226281388,
  "final_val_loss": 0.15430531099270722,
  "final_val_acc": 0.9351835478577035,
  "train_eval_gap": -0.003690325229564695,
  "epochs_run": 60
}